date,sector,country,co2
2019/1/1,Residential,China,4.348889984
2019/1/2,Residential,China,4.180772553
2019/1/3,Residential,China,3.871680702
2019/1/4,Residential,China,3.826453191
2019/1/5,Residential,China,3.909222941
2019/1/6,Residential,China,3.892202543
2019/1/7,Residential,China,3.820128346
2019/1/8,Residential,China,3.948174698
2019/1/9,Residential,China,3.937467272
2019/1/10,Residential,China,3.789597191
2019/1/11,Residential,China,3.700893282
2019/1/12,Residential,China,3.680980776
2019/1/13,Residential,China,3.672878673
2019/1/14,Residential,China,3.607750103
2019/1/15,Residential,China,4.082794767
2019/1/16,Residential,China,4.12115581
2019/1/17,Residential,China,3.890545477
2019/1/18,Residential,China,3.587464462
2019/1/19,Residential,China,3.537560559
2019/1/20,Residential,China,3.73651427
2019/1/21,Residential,China,3.775421403
2019/1/22,Residential,China,3.580444272
2019/1/23,Residential,China,3.4765731
2019/1/24,Residential,China,3.313003195
2019/1/25,Residential,China,3.4795626
2019/1/26,Residential,China,3.633516257
2019/1/27,Residential,China,3.434766616
2019/1/28,Residential,China,3.444229328
2019/1/29,Residential,China,3.270372446
2019/1/30,Residential,China,3.495447845
2019/1/31,Residential,China,3.832880424
2019/2/1,Residential,China,3.732532844
2019/2/2,Residential,China,3.265952331
2019/2/3,Residential,China,3.489875049
2019/2/4,Residential,China,3.444348985
2019/2/5,Residential,China,3.386046344
2019/2/6,Residential,China,3.423152713
2019/2/7,Residential,China,3.928767096
2019/2/8,Residential,China,4.126812309
2019/2/9,Residential,China,4.215370869
2019/2/10,Residential,China,4.279713207
2019/2/11,Residential,China,4.030784595
2019/2/12,Residential,China,3.854963072
2019/2/13,Residential,China,3.842761367
2019/2/14,Residential,China,3.848545449
2019/2/15,Residential,China,3.859630559
2019/2/16,Residential,China,3.902251706
2019/2/17,Residential,China,3.846593267
2019/2/18,Residential,China,3.777805453
2019/2/19,Residential,China,3.639646401
2019/2/20,Residential,China,3.52910376
2019/2/21,Residential,China,3.482883377
2019/2/22,Residential,China,3.430284012
2019/2/23,Residential,China,3.427858441
2019/2/24,Residential,China,3.300729658
2019/2/25,Residential,China,3.196903742
2019/2/26,Residential,China,3.229570903
2019/2/27,Residential,China,3.224176477
2019/2/28,Residential,China,3.127395283
2019/3/1,Residential,China,2.901235546
2019/3/2,Residential,China,2.880045744
2019/3/3,Residential,China,2.810514431
2019/3/4,Residential,China,2.588164694
2019/3/5,Residential,China,2.635661331
2019/3/6,Residential,China,2.815807763
2019/3/7,Residential,China,3.006593866
2019/3/8,Residential,China,2.836842905
2019/3/9,Residential,China,2.792296306
2019/3/10,Residential,China,2.630128305
2019/3/11,Residential,China,2.462708131
2019/3/12,Residential,China,2.575440891
2019/3/13,Residential,China,2.519743102
2019/3/14,Residential,China,2.487825946
2019/3/15,Residential,China,2.447433392
2019/3/16,Residential,China,2.288717125
2019/3/17,Residential,China,2.146919609
2019/3/18,Residential,China,2.024153449
2019/3/19,Residential,China,1.737363694
2019/3/20,Residential,China,1.974519041
2019/3/21,Residential,China,2.614222384
2019/3/22,Residential,China,2.773411357
2019/3/23,Residential,China,2.828672892
2019/3/24,Residential,China,2.494640746
2019/3/25,Residential,China,2.163781097
2019/3/26,Residential,China,1.946748814
2019/3/27,Residential,China,1.954670294
2019/3/28,Residential,China,2.260798534
2019/3/29,Residential,China,2.178575049
2019/3/30,Residential,China,2.358668248
2019/3/31,Residential,China,2.455012057
2019/4/1,Residential,China,2.218956473
2019/4/2,Residential,China,2.248364624
2019/4/3,Residential,China,2.083336835
2019/4/4,Residential,China,1.917426176
2019/4/5,Residential,China,1.769110459
2019/4/6,Residential,China,1.774876479
2019/4/7,Residential,China,1.762557195
2019/4/8,Residential,China,1.925299955
2019/4/9,Residential,China,2.292017476
2019/4/10,Residential,China,2.326854012
2019/4/11,Residential,China,2.19315987
2019/4/12,Residential,China,1.893993372
2019/4/13,Residential,China,1.831901843
2019/4/14,Residential,China,1.907451871
2019/4/15,Residential,China,1.724470571
2019/4/16,Residential,China,1.588069196
2019/4/17,Residential,China,1.497376687
2019/4/18,Residential,China,1.630144573
2019/4/19,Residential,China,1.730167919
2019/4/20,Residential,China,1.710402253
2019/4/21,Residential,China,1.645942184
2019/4/22,Residential,China,1.498300511
2019/4/23,Residential,China,1.469082294
2019/4/24,Residential,China,1.695839254
2019/4/25,Residential,China,1.876800592
2019/4/26,Residential,China,1.928292518
2019/4/27,Residential,China,1.967128575
2019/4/28,Residential,China,1.899603048
2019/4/29,Residential,China,1.742597261
2019/4/30,Residential,China,1.63894151
2019/5/1,Residential,China,1.526439224
2019/5/2,Residential,China,1.459531964
2019/5/3,Residential,China,1.411796787
2019/5/4,Residential,China,1.419381336
2019/5/5,Residential,China,1.632185505
2019/5/6,Residential,China,1.707704493
2019/5/7,Residential,China,1.649238554
2019/5/8,Residential,China,1.569422384
2019/5/9,Residential,China,1.458957461
2019/5/10,Residential,China,1.415845033
2019/5/11,Residential,China,1.393430829
2019/5/12,Residential,China,1.496853168
2019/5/13,Residential,China,1.487991108
2019/5/14,Residential,China,1.416055928
2019/5/15,Residential,China,1.373000151
2019/5/16,Residential,China,1.378014
2019/5/17,Residential,China,1.359075546
2019/5/18,Residential,China,1.411969452
2019/5/19,Residential,China,1.50667462
2019/5/20,Residential,China,1.497068791
2019/5/21,Residential,China,1.426327361
2019/5/22,Residential,China,1.380345476
2019/5/23,Residential,China,1.352642684
2019/5/24,Residential,China,1.337633609
2019/5/25,Residential,China,1.343916068
2019/5/26,Residential,China,1.419855327
2019/5/27,Residential,China,1.468525536
2019/5/28,Residential,China,1.46787306
2019/5/29,Residential,China,1.407382766
2019/5/30,Residential,China,1.398218965
2019/5/31,Residential,China,1.395380367
2019/6/1,Residential,China,1.407564902
2019/6/2,Residential,China,1.392708149
2019/6/3,Residential,China,1.383806568
2019/6/4,Residential,China,1.394246203
2019/6/5,Residential,China,1.391444777
2019/6/6,Residential,China,1.379079834
2019/6/7,Residential,China,1.378587338
2019/6/8,Residential,China,1.381783831
2019/6/9,Residential,China,1.385452644
2019/6/10,Residential,China,1.383775741
2019/6/11,Residential,China,1.385706607
2019/6/12,Residential,China,1.381202643
2019/6/13,Residential,China,1.375844497
2019/6/14,Residential,China,1.399291436
2019/6/15,Residential,China,1.413377869
2019/6/16,Residential,China,1.401716216
2019/6/17,Residential,China,1.385342793
2019/6/18,Residential,China,1.385371118
2019/6/19,Residential,China,1.37770658
2019/6/20,Residential,China,1.38086574
2019/6/21,Residential,China,1.375220358
2019/6/22,Residential,China,1.371153191
2019/6/23,Residential,China,1.373850224
2019/6/24,Residential,China,1.372056726
2019/6/25,Residential,China,1.37394134
2019/6/26,Residential,China,1.383297533
2019/6/27,Residential,China,1.403959407
2019/6/28,Residential,China,1.392029102
2019/6/29,Residential,China,1.392030905
2019/6/30,Residential,China,1.383794408
2019/7/1,Residential,China,1.330153031
2019/7/2,Residential,China,1.328323058
2019/7/3,Residential,China,1.332571802
2019/7/4,Residential,China,1.329411287
2019/7/5,Residential,China,1.337828614
2019/7/6,Residential,China,1.337367955
2019/7/7,Residential,China,1.337652652
2019/7/8,Residential,China,1.345490706
2019/7/9,Residential,China,1.34219475
2019/7/10,Residential,China,1.335448685
2019/7/11,Residential,China,1.337962314
2019/7/12,Residential,China,1.333509896
2019/7/13,Residential,China,1.331468819
2019/7/14,Residential,China,1.332756117
2019/7/15,Residential,China,1.336354254
2019/7/16,Residential,China,1.329561923
2019/7/17,Residential,China,1.326759357
2019/7/18,Residential,China,1.32798333
2019/7/19,Residential,China,1.328613049
2019/7/20,Residential,China,1.325387871
2019/7/21,Residential,China,1.329979797
2019/7/22,Residential,China,1.329517339
2019/7/23,Residential,China,1.328265595
2019/7/24,Residential,China,1.332697281
2019/7/25,Residential,China,1.328583711
2019/7/26,Residential,China,1.325192063
2019/7/27,Residential,China,1.323860515
2019/7/28,Residential,China,1.326934691
2019/7/29,Residential,China,1.326881951
2019/7/30,Residential,China,1.327687198
2019/7/31,Residential,China,1.32834485
2019/8/1,Residential,China,1.326758788
2019/8/2,Residential,China,1.332577705
2019/8/3,Residential,China,1.326611707
2019/8/4,Residential,China,1.328867213
2019/8/5,Residential,China,1.331439007
2019/8/6,Residential,China,1.3279893
2019/8/7,Residential,China,1.328182775
2019/8/8,Residential,China,1.335411176
2019/8/9,Residential,China,1.334681589
2019/8/10,Residential,China,1.333475029
2019/8/11,Residential,China,1.327984601
2019/8/12,Residential,China,1.325959719
2019/8/13,Residential,China,1.330477833
2019/8/14,Residential,China,1.328689636
2019/8/15,Residential,China,1.327553692
2019/8/16,Residential,China,1.333431402
2019/8/17,Residential,China,1.331706905
2019/8/18,Residential,China,1.328659803
2019/8/19,Residential,China,1.329207198
2019/8/20,Residential,China,1.340137255
2019/8/21,Residential,China,1.338949157
2019/8/22,Residential,China,1.339180035
2019/8/23,Residential,China,1.336048218
2019/8/24,Residential,China,1.3383343
2019/8/25,Residential,China,1.328227724
2019/8/26,Residential,China,1.338921495
2019/8/27,Residential,China,1.332994856
2019/8/28,Residential,China,1.342933292
2019/8/29,Residential,China,1.340410342
2019/8/30,Residential,China,1.350084087
2019/8/31,Residential,China,1.348637083
2019/9/1,Residential,China,1.386479178
2019/9/2,Residential,China,1.386769148
2019/9/3,Residential,China,1.382047706
2019/9/4,Residential,China,1.378102698
2019/9/5,Residential,China,1.375722815
2019/9/6,Residential,China,1.376685908
2019/9/7,Residential,China,1.37552412
2019/9/8,Residential,China,1.377314025
2019/9/9,Residential,China,1.410693146
2019/9/10,Residential,China,1.442466495
2019/9/11,Residential,China,1.43436152
2019/9/12,Residential,China,1.435857424
2019/9/13,Residential,China,1.472702439
2019/9/14,Residential,China,1.46856184
2019/9/15,Residential,China,1.473528718
2019/9/16,Residential,China,1.492821005
2019/9/17,Residential,China,1.505419493
2019/9/18,Residential,China,1.53982006
2019/9/19,Residential,China,1.530523032
2019/9/20,Residential,China,1.501414893
2019/9/21,Residential,China,1.508432689
2019/9/22,Residential,China,1.476122332
2019/9/23,Residential,China,1.462260938
2019/9/24,Residential,China,1.490875767
2019/9/25,Residential,China,1.470272689
2019/9/26,Residential,China,1.450623653
2019/9/27,Residential,China,1.435679421
2019/9/28,Residential,China,1.420171355
2019/9/29,Residential,China,1.443284307
2019/9/30,Residential,China,1.412439944
2019/10/1,Residential,China,1.36263096
2019/10/2,Residential,China,1.38365858
2019/10/3,Residential,China,1.507542784
2019/10/4,Residential,China,1.744873723
2019/10/5,Residential,China,1.799908674
2019/10/6,Residential,China,1.83861544
2019/10/7,Residential,China,1.692382449
2019/10/8,Residential,China,1.678561376
2019/10/9,Residential,China,1.574430191
2019/10/10,Residential,China,1.603319541
2019/10/11,Residential,China,1.642383725
2019/10/12,Residential,China,1.688843434
2019/10/13,Residential,China,1.85286186
2019/10/14,Residential,China,2.084175716
2019/10/15,Residential,China,2.062637211
2019/10/16,Residential,China,2.029226643
2019/10/17,Residential,China,1.931048542
2019/10/18,Residential,China,1.828295947
2019/10/19,Residential,China,1.673141691
2019/10/20,Residential,China,1.689903148
2019/10/21,Residential,China,1.740478259
2019/10/22,Residential,China,1.744883041
2019/10/23,Residential,China,1.729220858
2019/10/24,Residential,China,1.891947179
2019/10/25,Residential,China,2.293555574
2019/10/26,Residential,China,2.311685834
2019/10/27,Residential,China,2.103611628
2019/10/28,Residential,China,2.123959771
2019/10/29,Residential,China,2.062754377
2019/10/30,Residential,China,1.833616728
2019/10/31,Residential,China,1.82276478
2019/11/1,Residential,China,1.880927049
2019/11/2,Residential,China,1.969199532
2019/11/3,Residential,China,2.149793943
2019/11/4,Residential,China,2.198207299
2019/11/5,Residential,China,2.213413672
2019/11/6,Residential,China,2.235725252
2019/11/7,Residential,China,2.360788822
2019/11/8,Residential,China,2.370825456
2019/11/9,Residential,China,2.202765237
2019/11/10,Residential,China,2.176047489
2019/11/11,Residential,China,2.06834461
2019/11/12,Residential,China,2.035405552
2019/11/13,Residential,China,2.673612876
2019/11/14,Residential,China,2.608309957
2019/11/15,Residential,China,2.456044926
2019/11/16,Residential,China,2.29887979
2019/11/17,Residential,China,2.679237626
2019/11/18,Residential,China,3.312346696
2019/11/19,Residential,China,3.152316738
2019/11/20,Residential,China,2.86545741
2019/11/21,Residential,China,2.646533093
2019/11/22,Residential,China,2.284126533
2019/11/23,Residential,China,2.294025085
2019/11/24,Residential,China,3.034904143
2019/11/25,Residential,China,3.498715547
2019/11/26,Residential,China,3.273738582
2019/11/27,Residential,China,3.456841352
2019/11/28,Residential,China,3.529217033
2019/11/29,Residential,China,3.357138809
2019/11/30,Residential,China,3.319531474
2019/12/1,Residential,China,3.494979798
2019/12/2,Residential,China,3.669027971
2019/12/3,Residential,China,3.49141897
2019/12/4,Residential,China,3.465476891
2019/12/5,Residential,China,3.626109209
2019/12/6,Residential,China,3.708447492
2019/12/7,Residential,China,3.651480892
2019/12/8,Residential,China,3.396518081
2019/12/9,Residential,China,3.250899176
2019/12/10,Residential,China,3.187229141
2019/12/11,Residential,China,3.326900682
2019/12/12,Residential,China,3.241606488
2019/12/13,Residential,China,3.060185334
2019/12/14,Residential,China,3.072116698
2019/12/15,Residential,China,2.922397323
2019/12/16,Residential,China,2.864336377
2019/12/17,Residential,China,3.259191629
2019/12/18,Residential,China,3.679875967
2019/12/19,Residential,China,3.796836487
2019/12/20,Residential,China,3.683724482
2019/12/21,Residential,China,3.545888232
2019/12/22,Residential,China,3.49183358
2019/12/23,Residential,China,3.517669556
2019/12/24,Residential,China,3.382963504
2019/12/25,Residential,China,3.396808389
2019/12/26,Residential,China,3.805541437
2019/12/27,Residential,China,3.706291613
2019/12/28,Residential,China,3.397887182
2019/12/29,Residential,China,3.330636919
2019/12/30,Residential,China,3.822044205
2019/12/31,Residential,China,4.009948994
2020/1/1,Residential,China,3.685827485
2020/1/2,Residential,China,3.469818334
2020/1/3,Residential,China,3.382808447
2020/1/4,Residential,China,3.278730354
2020/1/5,Residential,China,3.20165213
2020/1/6,Residential,China,3.188311814
2020/1/7,Residential,China,3.498599453
2020/1/8,Residential,China,3.657574528
2020/1/9,Residential,China,3.666003343
2020/1/10,Residential,China,3.656765621
2020/1/11,Residential,China,3.851305699
2020/1/12,Residential,China,3.880632423
2020/1/13,Residential,China,3.857663693
2020/1/14,Residential,China,3.941191406
2020/1/15,Residential,China,3.877611126
2020/1/16,Residential,China,3.873262679
2020/1/17,Residential,China,3.891104373
2020/1/18,Residential,China,3.783868316
2020/1/19,Residential,China,3.718458661
2020/1/20,Residential,China,3.601620847
2020/1/21,Residential,China,3.376982264
2020/1/22,Residential,China,3.342834522
2020/1/23,Residential,China,3.345369669
2020/1/24,Residential,China,3.582388257
2020/1/25,Residential,China,3.709438924
2020/1/26,Residential,China,3.804151612
2020/1/27,Residential,China,3.802958906
2020/1/28,Residential,China,3.762856588
2020/1/29,Residential,China,3.768750667
2020/1/30,Residential,China,3.779196464
2020/1/31,Residential,China,3.55610928
2020/2/1,Residential,China,3.499087545
2020/2/2,Residential,China,3.614738567
2020/2/3,Residential,China,3.709990014
2020/2/4,Residential,China,3.733371367
2020/2/5,Residential,China,3.808762305
2020/2/6,Residential,China,3.854265542
2020/2/7,Residential,China,3.696894233
2020/2/8,Residential,China,3.626251312
2020/2/9,Residential,China,3.385708667
2020/2/10,Residential,China,3.092079594
2020/2/11,Residential,China,2.905836316
2020/2/12,Residential,China,2.732275044
2020/2/13,Residential,China,2.614782671
2020/2/14,Residential,China,3.143294575
2020/2/15,Residential,China,3.939344603
2020/2/16,Residential,China,4.029321437
2020/2/17,Residential,China,3.749317158
2020/2/18,Residential,China,3.407538644
2020/2/19,Residential,China,3.244347433
2020/2/20,Residential,China,3.049112689
2020/2/21,Residential,China,3.006203559
2020/2/22,Residential,China,3.000961073
2020/2/23,Residential,China,2.604413369
2020/2/24,Residential,China,2.490832675
2020/2/25,Residential,China,2.622476488
2020/2/26,Residential,China,2.840134709
2020/2/27,Residential,China,3.010145587
2020/2/28,Residential,China,2.956734594
2020/2/29,Residential,China,2.88560561
2020/3/1,Residential,China,2.870292154
2020/3/2,Residential,China,3.000762885
2020/3/3,Residential,China,3.060451114
2020/3/4,Residential,China,3.180428353
2020/3/5,Residential,China,2.896546343
2020/3/6,Residential,China,2.606560577
2020/3/7,Residential,China,2.413674691
2020/3/8,Residential,China,2.409868107
2020/3/9,Residential,China,2.729220422
2020/3/10,Residential,China,2.80135009
2020/3/11,Residential,China,2.462449278
2020/3/12,Residential,China,2.485963843
2020/3/13,Residential,China,2.730570855
2020/3/14,Residential,China,2.534867563
2020/3/15,Residential,China,2.38841032
2020/3/16,Residential,China,2.352828356
2020/3/17,Residential,China,2.087343606
2020/3/18,Residential,China,1.880564336
2020/3/19,Residential,China,2.089494141
2020/3/20,Residential,China,1.762809216
2020/3/21,Residential,China,1.875013472
2020/3/22,Residential,China,1.962653565
2020/3/23,Residential,China,1.899085836
2020/3/24,Residential,China,1.767548124
2020/3/25,Residential,China,1.724713714
2020/3/26,Residential,China,2.264225012
2020/3/27,Residential,China,2.70165488
2020/3/28,Residential,China,2.777224117
2020/3/29,Residential,China,2.713351723
2020/3/30,Residential,China,2.473427532
2020/3/31,Residential,China,2.377390782
2020/4/1,Residential,China,2.43775499
2020/4/2,Residential,China,2.413581524
2020/4/3,Residential,China,2.306972026
2020/4/4,Residential,China,2.374127003
2020/4/5,Residential,China,2.315132535
2020/4/6,Residential,China,2.14848918
2020/4/7,Residential,China,2.052036094
2020/4/8,Residential,China,1.979381717
2020/4/9,Residential,China,2.115640564
2020/4/10,Residential,China,2.296628967
2020/4/11,Residential,China,2.337327501
2020/4/12,Residential,China,2.08654183
2020/4/13,Residential,China,1.854074012
2020/4/14,Residential,China,1.696115337
2020/4/15,Residential,China,1.562878107
2020/4/16,Residential,China,1.657686473
2020/4/17,Residential,China,1.71490197
2020/4/18,Residential,China,1.868513329
2020/4/19,Residential,China,1.849898396
2020/4/20,Residential,China,2.064093912
2020/4/21,Residential,China,2.30374465
2020/4/22,Residential,China,2.298549942
2020/4/23,Residential,China,2.23274286
2020/4/24,Residential,China,1.830457167
2020/4/25,Residential,China,1.804200838
2020/4/26,Residential,China,1.747411939
2020/4/27,Residential,China,1.677933954
2020/4/28,Residential,China,1.506513514
2020/4/29,Residential,China,1.458129899
2020/4/30,Residential,China,1.435019391
2020/5/1,Residential,China,1.359241558
2020/5/2,Residential,China,1.370660716
2020/5/3,Residential,China,1.487968493
2020/5/4,Residential,China,1.599750001
2020/5/5,Residential,China,1.469205678
2020/5/6,Residential,China,1.423158888
2020/5/7,Residential,China,1.460273072
2020/5/8,Residential,China,1.597009171
2020/5/9,Residential,China,1.587823447
2020/5/10,Residential,China,1.452554935
2020/5/11,Residential,China,1.485139121
2020/5/12,Residential,China,1.458011667
2020/5/13,Residential,China,1.41101868
2020/5/14,Residential,China,1.374716439
2020/5/15,Residential,China,1.391510839
2020/5/16,Residential,China,1.399141601
2020/5/17,Residential,China,1.438081615
2020/5/18,Residential,China,1.437550557
2020/5/19,Residential,China,1.417610201
2020/5/20,Residential,China,1.392769358
2020/5/21,Residential,China,1.393826538
2020/5/22,Residential,China,1.400764817
2020/5/23,Residential,China,1.427800033
2020/5/24,Residential,China,1.431410734
2020/5/25,Residential,China,1.455132005
2020/5/26,Residential,China,1.451256737
2020/5/27,Residential,China,1.433191161
2020/5/28,Residential,China,1.386582359
2020/5/29,Residential,China,1.354860374
2020/5/30,Residential,China,1.375212582
2020/5/31,Residential,China,1.37361365
2020/6/1,Residential,China,1.423903841
2020/6/2,Residential,China,1.407710931
2020/6/3,Residential,China,1.402143916
2020/6/4,Residential,China,1.403087233
2020/6/5,Residential,China,1.383011924
2020/6/6,Residential,China,1.383231953
2020/6/7,Residential,China,1.389369871
2020/6/8,Residential,China,1.408113066
2020/6/9,Residential,China,1.381099577
2020/6/10,Residential,China,1.380697166
2020/6/11,Residential,China,1.389694141
2020/6/12,Residential,China,1.377687939
2020/6/13,Residential,China,1.386928157
2020/6/14,Residential,China,1.385810105
2020/6/15,Residential,China,1.388781921
2020/6/16,Residential,China,1.394276518
2020/6/17,Residential,China,1.391766927
2020/6/18,Residential,China,1.380564836
2020/6/19,Residential,China,1.374775135
2020/6/20,Residential,China,1.373223823
2020/6/21,Residential,China,1.38196421
2020/6/22,Residential,China,1.385743355
2020/6/23,Residential,China,1.382941663
2020/6/24,Residential,China,1.37937037
2020/6/25,Residential,China,1.377699468
2020/6/26,Residential,China,1.382714678
2020/6/27,Residential,China,1.374728575
2020/6/28,Residential,China,1.375554225
2020/6/29,Residential,China,1.379158449
2020/6/30,Residential,China,1.376380692
2020/7/1,Residential,China,1.332296894
2020/7/2,Residential,China,1.331287276
2020/7/3,Residential,China,1.333529946
2020/7/4,Residential,China,1.329926312
2020/7/5,Residential,China,1.328861708
2020/7/6,Residential,China,1.326593411
2020/7/7,Residential,China,1.324904535
2020/7/8,Residential,China,1.324547263
2020/7/9,Residential,China,1.32987159
2020/7/10,Residential,China,1.329423203
2020/7/11,Residential,China,1.338314471
2020/7/12,Residential,China,1.330640245
2020/7/13,Residential,China,1.328065688
2020/7/14,Residential,China,1.328046244
2020/7/15,Residential,China,1.324357294
2020/7/16,Residential,China,1.327818898
2020/7/17,Residential,China,1.330451806
2020/7/18,Residential,China,1.339316307
2020/7/19,Residential,China,1.33033972
2020/7/20,Residential,China,1.332362704
2020/7/21,Residential,China,1.32955575
2020/7/22,Residential,China,1.325444667
2020/7/23,Residential,China,1.328116549
2020/7/24,Residential,China,1.327975316
2020/7/25,Residential,China,1.331704606
2020/7/26,Residential,China,1.329189246
2020/7/27,Residential,China,1.325807754
2020/7/28,Residential,China,1.326441668
2020/7/29,Residential,China,1.328291185
2020/7/30,Residential,China,1.3281645
2020/7/31,Residential,China,1.327787653
2020/8/1,Residential,China,1.32678906
2020/8/2,Residential,China,1.324114369
2020/8/3,Residential,China,1.32518664
2020/8/4,Residential,China,1.324310143
2020/8/5,Residential,China,1.323040743
2020/8/6,Residential,China,1.323496495
2020/8/7,Residential,China,1.325791777
2020/8/8,Residential,China,1.325430716
2020/8/9,Residential,China,1.325742818
2020/8/10,Residential,China,1.326880358
2020/8/11,Residential,China,1.327909566
2020/8/12,Residential,China,1.334204115
2020/8/13,Residential,China,1.327583398
2020/8/14,Residential,China,1.335186139
2020/8/15,Residential,China,1.331637446
2020/8/16,Residential,China,1.337929463
2020/8/17,Residential,China,1.357861849
2020/8/18,Residential,China,1.361707121
2020/8/19,Residential,China,1.354217435
2020/8/20,Residential,China,1.341909875
2020/8/21,Residential,China,1.331973537
2020/8/22,Residential,China,1.329625806
2020/8/23,Residential,China,1.347380642
2020/8/24,Residential,China,1.332995037
2020/8/25,Residential,China,1.328817297
2020/8/26,Residential,China,1.328236915
2020/8/27,Residential,China,1.329763911
2020/8/28,Residential,China,1.336760534
2020/8/29,Residential,China,1.358509029
2020/8/30,Residential,China,1.373162881
2020/8/31,Residential,China,1.349163977
2020/9/1,Residential,China,1.393891561
2020/9/2,Residential,China,1.398639528
2020/9/3,Residential,China,1.407272972
2020/9/4,Residential,China,1.38771865
2020/9/5,Residential,China,1.390897095
2020/9/6,Residential,China,1.386961199
2020/9/7,Residential,China,1.386382086
2020/9/8,Residential,China,1.394600536
2020/9/9,Residential,China,1.411265282
2020/9/10,Residential,China,1.420526552
2020/9/11,Residential,China,1.420793912
2020/9/12,Residential,China,1.419636299
2020/9/13,Residential,China,1.444004438
2020/9/14,Residential,China,1.4397599
2020/9/15,Residential,China,1.447461281
2020/9/16,Residential,China,1.469495545
2020/9/17,Residential,China,1.496286633
2020/9/18,Residential,China,1.481873398
2020/9/19,Residential,China,1.476144067
2020/9/20,Residential,China,1.504736644
2020/9/21,Residential,China,1.518850638
2020/9/22,Residential,China,1.526823261
2020/9/23,Residential,China,1.519530485
2020/9/24,Residential,China,1.480097647
2020/9/25,Residential,China,1.484197011
2020/9/26,Residential,China,1.477256656
2020/9/27,Residential,China,1.46583922
2020/9/28,Residential,China,1.516039414
2020/9/29,Residential,China,1.619486536
2020/9/30,Residential,China,1.589675601
2020/10/1,Residential,China,1.553453729
2020/10/2,Residential,China,1.664427005
2020/10/3,Residential,China,1.689167742
2020/10/4,Residential,China,1.941536097
2020/10/5,Residential,China,2.0461246
2020/10/6,Residential,China,1.952057234
2020/10/7,Residential,China,1.805948419
2020/10/8,Residential,China,1.679418823
2020/10/9,Residential,China,1.6201204
2020/10/10,Residential,China,1.55692852
2020/10/11,Residential,China,1.71384575
2020/10/12,Residential,China,1.830834208
2020/10/13,Residential,China,1.837848531
2020/10/14,Residential,China,2.033108121
2020/10/15,Residential,China,1.995502776
2020/10/16,Residential,China,2.103422685
2020/10/17,Residential,China,2.013485749
2020/10/18,Residential,China,2.022220671
2020/10/19,Residential,China,1.917434595
2020/10/20,Residential,China,1.799850634
2020/10/21,Residential,China,2.036848675
2020/10/22,Residential,China,2.134503529
2020/10/23,Residential,China,2.207661522
2020/10/24,Residential,China,2.01590038
2020/10/25,Residential,China,1.859202789
2020/10/26,Residential,China,1.76645013
2020/10/27,Residential,China,1.988729085
2020/10/28,Residential,China,2.087743037
2020/10/29,Residential,China,2.107335296
2020/10/30,Residential,China,1.972913789
2020/10/31,Residential,China,1.901267288
2020/11/1,Residential,China,2.113293903
2020/11/2,Residential,China,2.34919417
2020/11/3,Residential,China,2.503409834
2020/11/4,Residential,China,2.266884228
2020/11/5,Residential,China,2.073136893
2020/11/6,Residential,China,2.066982579
2020/11/7,Residential,China,2.144691146
2020/11/8,Residential,China,2.385087781
2020/11/9,Residential,China,2.461844771
2020/11/10,Residential,China,2.330661392
2020/11/11,Residential,China,2.142640778
2020/11/12,Residential,China,2.149088845
2020/11/13,Residential,China,2.212482583
2020/11/14,Residential,China,2.203366286
2020/11/15,Residential,China,2.108968208
2020/11/16,Residential,China,2.031945805
2020/11/17,Residential,China,2.028188645
2020/11/18,Residential,China,2.234646431
2020/11/19,Residential,China,2.574455775
2020/11/20,Residential,China,2.796248759
2020/11/21,Residential,China,3.052654151
2020/11/22,Residential,China,3.373641484
2020/11/23,Residential,China,3.411963764
2020/11/24,Residential,China,3.288734601
2020/11/25,Residential,China,3.134280558
2020/11/26,Residential,China,3.213914022
2020/11/27,Residential,China,3.346520777
2020/11/28,Residential,China,3.557516571
2020/11/29,Residential,China,3.519020335
2020/11/30,Residential,China,3.483386212
2020/12/1,Residential,China,3.405274192
2020/12/2,Residential,China,3.525368453
2020/12/3,Residential,China,3.728978509
2020/12/4,Residential,China,3.782740945
2020/12/5,Residential,China,3.616415244
2020/12/6,Residential,China,3.38782357
2020/12/7,Residential,China,3.586498396
2020/12/8,Residential,China,3.513572364
2020/12/9,Residential,China,3.314780183
2020/12/10,Residential,China,3.300231522
2020/12/11,Residential,China,3.391652577
2020/12/12,Residential,China,3.398791118
2020/12/13,Residential,China,3.888196302
2020/12/14,Residential,China,4.340813256
2020/12/15,Residential,China,4.294470703
2020/12/16,Residential,China,4.158269798
2020/12/17,Residential,China,3.951543664
2020/12/18,Residential,China,4.032140467
2020/12/19,Residential,China,4.069559045
2020/12/20,Residential,China,3.985066866
2020/12/21,Residential,China,3.823133048
2020/12/22,Residential,China,3.487375874
2020/12/23,Residential,China,3.466680464
2020/12/24,Residential,China,3.620727768
2020/12/25,Residential,China,3.508196595
2020/12/26,Residential,China,3.389949375
2020/12/27,Residential,China,3.37035046
2020/12/28,Residential,China,3.433583975
2020/12/29,Residential,China,4.332252411
2020/12/30,Residential,China,4.746362325
2020/12/31,Residential,China,4.598448199
2021/1/1,Residential,China,4.343551253
2021/1/2,Residential,China,4.073032288
2021/1/3,Residential,China,3.968989629
2021/1/4,Residential,China,3.860417674
2021/1/5,Residential,China,4.106550483
2021/1/6,Residential,China,4.553846764
2021/1/7,Residential,China,5.054191367
2021/1/8,Residential,China,4.839912374
2021/1/9,Residential,China,4.467781312
2021/1/10,Residential,China,4.264989379
2021/1/11,Residential,China,4.283911994
2021/1/12,Residential,China,3.792261179
2021/1/13,Residential,China,3.589121481
2021/1/14,Residential,China,3.377906235
2021/1/15,Residential,China,3.580981628
2021/1/16,Residential,China,3.958812679
2021/1/17,Residential,China,4.06036773
2021/1/18,Residential,China,3.915773261
2021/1/19,Residential,China,3.651716445
2021/1/20,Residential,China,3.312412162
2021/1/21,Residential,China,3.25239779
2021/1/22,Residential,China,3.382180382
2021/1/23,Residential,China,3.375530882
2021/1/24,Residential,China,3.287806705
2021/1/25,Residential,China,3.361641644
2021/1/26,Residential,China,3.42893281
2021/1/27,Residential,China,3.440898243
2021/1/28,Residential,China,3.812730601
2021/1/29,Residential,China,3.600965708
2021/1/30,Residential,China,3.376865837
2021/1/31,Residential,China,3.198911957
2021/2/1,Residential,China,3.565137755
2021/2/2,Residential,China,3.720875126
2021/2/3,Residential,China,3.445821727
2021/2/4,Residential,China,3.260247811
2021/2/5,Residential,China,3.077044091
2021/2/6,Residential,China,2.987121253
2021/2/7,Residential,China,3.268660964
2021/2/8,Residential,China,3.509583062
2021/2/9,Residential,China,3.347598555
2021/2/10,Residential,China,3.121992131
2021/2/11,Residential,China,2.891289763
2021/2/12,Residential,China,2.757902644
2021/2/13,Residential,China,2.788642446
2021/2/14,Residential,China,2.961328732
2021/2/15,Residential,China,3.310788658
2021/2/16,Residential,China,3.434128463
2021/2/17,Residential,China,3.528130242
2021/2/18,Residential,China,3.22079395
2021/2/19,Residential,China,2.65227007
2021/2/20,Residential,China,2.339935366
2021/2/21,Residential,China,2.219057878
2021/2/22,Residential,China,2.632034363
2021/2/23,Residential,China,2.930377984
2021/2/24,Residential,China,2.997468992
2021/2/25,Residential,China,3.219521772
2021/2/26,Residential,China,3.27433048
2021/2/27,Residential,China,3.023150015
2021/2/28,Residential,China,3.112592423
2021/3/1,Residential,China,3.326147033
2021/3/2,Residential,China,3.104108468
2021/3/3,Residential,China,2.840153949
2021/3/4,Residential,China,2.557312365
2021/3/5,Residential,China,2.800235618
2021/3/6,Residential,China,3.207452306
2021/3/7,Residential,China,3.073770881
2021/3/8,Residential,China,2.797674252
2021/3/9,Residential,China,2.628301481
2021/3/10,Residential,China,2.485995166
2021/3/11,Residential,China,2.471655012
2021/3/12,Residential,China,2.392161378
2021/3/13,Residential,China,2.264678034
2021/3/14,Residential,China,2.020796216
2021/3/15,Residential,China,2.051206054
2021/3/16,Residential,China,2.332318013
2021/3/17,Residential,China,2.3572011
2021/3/18,Residential,China,2.509427967
2021/3/19,Residential,China,2.611896789
2021/3/20,Residential,China,2.699494963
2021/3/21,Residential,China,2.894097204
2021/3/22,Residential,China,2.543770962
2021/3/23,Residential,China,2.201829148
2021/3/24,Residential,China,1.999603104
2021/3/25,Residential,China,1.81322288
2021/3/26,Residential,China,1.926447827
2021/3/27,Residential,China,1.87557103
2021/3/28,Residential,China,1.737418051
2021/3/29,Residential,China,1.849675721
2021/3/30,Residential,China,1.839155204
2021/3/31,Residential,China,1.93196435
2021/4/1,Residential,China,2.059712579
2021/4/2,Residential,China,2.186741044
2021/4/3,Residential,China,2.399041897
2021/4/4,Residential,China,2.317801005
2021/4/5,Residential,China,2.199761951
2021/4/6,Residential,China,2.075117188
2021/4/7,Residential,China,2.178141213
2021/4/8,Residential,China,2.129801826
2021/4/9,Residential,China,2.019967969
2021/4/10,Residential,China,1.880539855
2021/4/11,Residential,China,1.938337622
2021/4/12,Residential,China,1.968265711
2021/4/13,Residential,China,2.193135618
2021/4/14,Residential,China,2.063456289
2021/4/15,Residential,China,1.86575827
2021/4/16,Residential,China,1.88454614
2021/4/17,Residential,China,2.007370028
2021/4/18,Residential,China,1.808495958
2021/4/19,Residential,China,1.63341437
2021/4/20,Residential,China,1.666142072
2021/4/21,Residential,China,1.667839315
2021/4/22,Residential,China,1.663941658
2021/4/23,Residential,China,1.721631034
2021/4/24,Residential,China,1.852113223
2021/4/25,Residential,China,1.88701398
2021/4/26,Residential,China,1.751366849
2021/4/27,Residential,China,1.692951829
2021/4/28,Residential,China,1.682349483
2021/4/29,Residential,China,1.641275041
2021/4/30,Residential,China,1.729969907
2021/5/1,Residential,China,1.598997039
2021/5/2,Residential,China,1.563839168
2021/5/3,Residential,China,1.571291805
2021/5/4,Residential,China,1.603995941
2021/5/5,Residential,China,1.48629784
2021/5/6,Residential,China,1.462788564
2021/5/7,Residential,China,1.48469039
2021/5/8,Residential,China,1.480364952
2021/5/9,Residential,China,1.439621291
2021/5/10,Residential,China,1.469177417
2021/5/11,Residential,China,1.405629429
2021/5/12,Residential,China,1.402509567
2021/5/13,Residential,China,1.375506954
2021/5/14,Residential,China,1.411046837
2021/5/15,Residential,China,1.563761077
2021/5/16,Residential,China,1.582267271
2021/5/17,Residential,China,1.415031052
2021/5/18,Residential,China,1.381150481
2021/5/19,Residential,China,1.393970662
2021/5/20,Residential,China,1.383856361
2021/5/21,Residential,China,1.359156079
2021/5/22,Residential,China,1.404178757
2021/5/23,Residential,China,1.47421227
2021/5/24,Residential,China,1.464820056
2021/5/25,Residential,China,1.408544592
2021/5/26,Residential,China,1.432091298
2021/5/27,Residential,China,1.386766591
2021/5/28,Residential,China,1.391872542
2021/5/29,Residential,China,1.365145066
2021/5/30,Residential,China,1.353854997
2021/5/31,Residential,China,1.371834582
2021/6/1,Residential,China,1.412703424
2021/6/2,Residential,China,1.435619734
2021/6/3,Residential,China,1.461291766
2021/6/4,Residential,China,1.42491338
2021/6/5,Residential,China,1.404953288
2021/6/6,Residential,China,1.391575859
2021/6/7,Residential,China,1.383594769
2021/6/8,Residential,China,1.387915512
2021/6/9,Residential,China,1.401943678
2021/6/10,Residential,China,1.382649139
2021/6/11,Residential,China,1.377062701
2021/6/12,Residential,China,1.372717518
2021/6/13,Residential,China,1.374844576
2021/6/14,Residential,China,1.378923864
2021/6/15,Residential,China,1.383003153
2021/6/16,Residential,China,1.40709343
2021/6/17,Residential,China,1.400073814
2021/6/18,Residential,China,1.387135368
2021/6/19,Residential,China,1.381230755
2021/6/20,Residential,China,1.381925155
2021/6/21,Residential,China,1.378179633
2021/6/22,Residential,China,1.374434112
2021/6/23,Residential,China,1.37351715
2021/6/24,Residential,China,1.380427761
2021/6/25,Residential,China,1.373642374
2021/6/26,Residential,China,1.37196333
2021/6/27,Residential,China,1.369686332
2021/6/28,Residential,China,1.37147442
2021/6/29,Residential,China,1.371624123
2021/6/30,Residential,China,1.37445878
2021/7/1,Residential,China,1.332577028
2021/7/2,Residential,China,1.336876954
2021/7/3,Residential,China,1.329707819
2021/7/4,Residential,China,1.326271986
2021/7/5,Residential,China,1.327538148
2021/7/6,Residential,China,1.327356029
2021/7/7,Residential,China,1.325580061
2021/7/8,Residential,China,1.324660168
2021/7/9,Residential,China,1.326977299
2021/7/10,Residential,China,1.326171746
2021/7/11,Residential,China,1.325366193
2021/7/12,Residential,China,1.32456064
2021/7/13,Residential,China,1.323755087
2021/7/14,Residential,China,1.326655012
2021/7/15,Residential,China,1.325510561
2021/7/16,Residential,China,1.325198518
2021/7/17,Residential,China,1.325691301
2021/7/18,Residential,China,1.326279227
2021/7/19,Residential,China,1.324213861
2021/7/20,Residential,China,1.323263294
2021/7/21,Residential,China,1.323659358
2021/7/22,Residential,China,1.323020272
2021/7/23,Residential,China,1.321434271
2021/7/24,Residential,China,1.321886847
2021/7/25,Residential,China,1.325133958
2021/7/26,Residential,China,1.331011441
2021/7/27,Residential,China,1.33051299
2021/7/28,Residential,China,1.328459612
2021/7/29,Residential,China,1.326060664
2021/7/30,Residential,China,1.326648147
2021/7/31,Residential,China,1.328770039
2021/8/1,Residential,China,1.327662047
2021/8/2,Residential,China,1.324783927
2021/8/3,Residential,China,1.334169177
2021/8/4,Residential,China,1.328002368
2021/8/5,Residential,China,1.326650348
2021/8/6,Residential,China,1.328403091
2021/8/7,Residential,China,1.324631087
2021/8/8,Residential,China,1.328858742
2021/8/9,Residential,China,1.329716463
2021/8/10,Residential,China,1.331809829
2021/8/11,Residential,China,1.331813663
2021/8/12,Residential,China,1.334356318
2021/8/13,Residential,China,1.330817326
2021/8/14,Residential,China,1.331207346
2021/8/15,Residential,China,1.328501946
2021/8/16,Residential,China,1.327568368
2021/8/17,Residential,China,1.328517337
2021/8/18,Residential,China,1.329874031
2021/8/19,Residential,China,1.331230726
2021/8/20,Residential,China,1.326801611
2021/8/21,Residential,China,1.329083337
2021/8/22,Residential,China,1.330842193
2021/8/23,Residential,China,1.344521134
2021/8/24,Residential,China,1.351054367
2021/8/25,Residential,China,1.363135851
2021/8/26,Residential,China,1.364401174
2021/8/27,Residential,China,1.349501873
2021/8/28,Residential,China,1.35719999
2021/8/29,Residential,China,1.352741104
2021/8/30,Residential,China,1.365588101
2021/8/31,Residential,China,1.348376816
2021/9/1,Residential,China,1.378612834
2021/9/2,Residential,China,1.376211877
2021/9/3,Residential,China,1.383878615
2021/9/4,Residential,China,1.390777331
2021/9/5,Residential,China,1.415370693
2021/9/6,Residential,China,1.431470027
2021/9/7,Residential,China,1.407929579
2021/9/8,Residential,China,1.394084468
2021/9/9,Residential,China,1.407827586
2021/9/10,Residential,China,1.408003814
2021/9/11,Residential,China,1.422398985
2021/9/12,Residential,China,1.408341828
2021/9/13,Residential,China,1.415768132
2021/9/14,Residential,China,1.41926795
2021/9/15,Residential,China,1.416569555
2021/9/16,Residential,China,1.436809134
2021/9/17,Residential,China,1.419542258
2021/9/18,Residential,China,1.458813878
2021/9/19,Residential,China,1.508494687
2021/9/20,Residential,China,1.463636643
2021/9/21,Residential,China,1.439351741
2021/9/22,Residential,China,1.447508478
2021/9/23,Residential,China,1.45456908
2021/9/24,Residential,China,1.446757927
2021/9/25,Residential,China,1.44872229
2021/9/26,Residential,China,1.450985563
2021/9/27,Residential,China,1.441161773
2021/9/28,Residential,China,1.437813687
2021/9/29,Residential,China,1.47704419
2021/9/30,Residential,China,1.499288148
2021/10/1,Residential,China,1.478553616
2021/10/2,Residential,China,1.423947045
2021/10/3,Residential,China,1.479873772
2021/10/4,Residential,China,1.687411156
2021/10/5,Residential,China,1.781901332
2021/10/6,Residential,China,1.843016074
2021/10/7,Residential,China,1.775961292
2021/10/8,Residential,China,1.656023494
2021/10/9,Residential,China,1.653918499
2021/10/10,Residential,China,1.934525307
2021/10/11,Residential,China,1.922242142
2021/10/12,Residential,China,1.758080787
2021/10/13,Residential,China,1.60132527
2021/10/14,Residential,China,1.720403222
2021/10/15,Residential,China,1.948810036
2021/10/16,Residential,China,2.446520711
2021/10/17,Residential,China,2.35805203
2021/10/18,Residential,China,2.140354923
2021/10/19,Residential,China,2.278890209
2021/10/20,Residential,China,2.42322576
2021/10/21,Residential,China,2.353609509
2021/10/22,Residential,China,2.302102087
2021/10/23,Residential,China,2.15776911
2021/10/24,Residential,China,2.067653556
2021/10/25,Residential,China,1.934354349
2021/10/26,Residential,China,1.947723075
2021/10/27,Residential,China,1.94035405
2021/10/28,Residential,China,1.924577426
2021/10/29,Residential,China,1.905298489
2021/10/30,Residential,China,1.873304207
2021/10/31,Residential,China,2.030423079
2021/11/1,Residential,China,2.178416281
2021/11/2,Residential,China,2.143845646
2021/11/3,Residential,China,2.07550796
2021/11/4,Residential,China,1.961335974
2021/11/5,Residential,China,1.913096188
2021/11/6,Residential,China,2.446959947
2021/11/7,Residential,China,3.306080389
2021/11/8,Residential,China,3.289816877
2021/11/9,Residential,China,3.005228505
2021/11/10,Residential,China,2.792598477
2021/11/11,Residential,China,2.785720528
2021/11/12,Residential,China,2.777924675
2021/11/13,Residential,China,2.698135448
2021/11/14,Residential,China,2.6213047
2021/11/15,Residential,China,2.597235858
2021/11/16,Residential,China,2.61341755
2021/11/17,Residential,China,2.550108959
2021/11/18,Residential,China,2.472324266
2021/11/19,Residential,China,2.518569306
2021/11/20,Residential,China,2.59312104
2021/11/21,Residential,China,3.007991383
2021/11/22,Residential,China,3.558087134
2021/11/23,Residential,China,3.399521602
2021/11/24,Residential,China,3.103573166
2021/11/25,Residential,China,2.979703665
2021/11/26,Residential,China,2.919047022
2021/11/27,Residential,China,2.800353469
2021/11/28,Residential,China,2.684264751
2021/11/29,Residential,China,2.914256947
2021/11/30,Residential,China,3.370946577
2021/12/1,Residential,China,3.430887588
2021/12/2,Residential,China,3.213253717
2021/12/3,Residential,China,3.187393161
2021/12/4,Residential,China,3.124492439
2021/12/5,Residential,China,2.920671359
2021/12/6,Residential,China,2.959664178
2021/12/7,Residential,China,3.008363746
2021/12/8,Residential,China,2.919521299
2021/12/9,Residential,China,2.889443531
2021/12/10,Residential,China,2.890109353
2021/12/11,Residential,China,2.956564238
2021/12/12,Residential,China,3.455376723
2021/12/13,Residential,China,3.375799502
2021/12/14,Residential,China,3.156126561
2021/12/15,Residential,China,3.007815102
2021/12/16,Residential,China,3.286164619
2021/12/17,Residential,China,3.835287321
2021/12/18,Residential,China,3.730755166
2021/12/19,Residential,China,3.343082244
2021/12/20,Residential,China,3.21615733
2021/12/21,Residential,China,3.304191331
2021/12/22,Residential,China,3.34447926
2021/12/23,Residential,China,3.419430528
2021/12/24,Residential,China,3.924884231
2021/12/25,Residential,China,4.389976194
2021/12/26,Residential,China,4.538278154
2021/12/27,Residential,China,4.295924618
2021/12/28,Residential,China,3.974365092
2021/12/29,Residential,China,3.881099502
2021/12/30,Residential,China,3.874788682
2021/12/31,Residential,China,3.735988806
2022/1/1,Residential,China,3.656896971
2022/1/2,Residential,China,3.686958035
2022/1/3,Residential,China,3.525625739
2022/1/4,Residential,China,3.517918058
2022/1/5,Residential,China,3.575594041
2022/1/6,Residential,China,3.623770412
2022/1/7,Residential,China,3.588836499
2022/1/8,Residential,China,3.602541921
2022/1/9,Residential,China,3.602780828
2022/1/10,Residential,China,3.776118183
2022/1/11,Residential,China,3.938840075
2022/1/12,Residential,China,3.845798305
2022/1/13,Residential,China,3.94824563
2022/1/14,Residential,China,3.763531108
2022/1/15,Residential,China,3.576162646
2022/1/16,Residential,China,3.693485105
2022/1/17,Residential,China,3.756853291
2022/1/18,Residential,China,3.665030399
2022/1/19,Residential,China,3.664211345
2022/1/20,Residential,China,3.773521804
2022/1/21,Residential,China,3.664824296
2022/1/22,Residential,China,3.600993234
2022/1/23,Residential,China,3.642594133
2022/1/24,Residential,China,3.725863178
2022/1/25,Residential,China,3.67817194
2022/1/26,Residential,China,3.681915249
2022/1/27,Residential,China,3.767593068
2022/1/28,Residential,China,3.960472781
2022/1/29,Residential,China,4.043783397
2022/1/30,Residential,China,3.985057611
2022/1/31,Residential,China,4.021675419
2022/2/1,Residential,China,4.210480884
2022/2/2,Residential,China,4.244574211
2022/2/3,Residential,China,4.162875556
2022/2/4,Residential,China,4.160013008
2022/2/5,Residential,China,4.077834838
2022/2/6,Residential,China,4.075206997
2022/2/7,Residential,China,4.096558479
2022/2/8,Residential,China,4.044886281
2022/2/9,Residential,China,3.904955486
2022/2/10,Residential,China,3.695867516
2022/2/11,Residential,China,3.616819463
2022/2/12,Residential,China,3.68003322
2022/2/13,Residential,China,3.870069088
2022/2/14,Residential,China,3.877383276
2022/2/15,Residential,China,3.845520833
2022/2/16,Residential,China,3.874022338
2022/2/17,Residential,China,4.030237692
2022/2/18,Residential,China,4.034025839
2022/2/19,Residential,China,4.330544971
2022/2/20,Residential,China,4.267142744
2022/2/21,Residential,China,4.17971336
2022/2/22,Residential,China,4.207623293
2022/2/23,Residential,China,4.007142714
2022/2/24,Residential,China,3.629377152
2022/2/25,Residential,China,3.183190044
2022/2/26,Residential,China,3.090019573
2022/2/27,Residential,China,2.754183412
2022/2/28,Residential,China,2.6090648
2022/3/1,Residential,China,2.868349692
2022/3/2,Residential,China,2.677763172
2022/3/3,Residential,China,2.375708732
2022/3/4,Residential,China,2.384560094
2022/3/5,Residential,China,2.598036514
2022/3/6,Residential,China,2.756523006
2022/3/7,Residential,China,2.532748787
2022/3/8,Residential,China,2.229265014
2022/3/9,Residential,China,1.999286305
2022/3/10,Residential,China,1.851342056
2022/3/11,Residential,China,1.886351685
2022/3/12,Residential,China,2.001220077
2022/3/13,Residential,China,1.976464741
2022/3/14,Residential,China,1.952995913
2022/3/15,Residential,China,1.884076425
2022/3/16,Residential,China,2.199468695
2022/3/17,Residential,China,2.756731294
2022/3/18,Residential,China,2.680135031
2022/3/19,Residential,China,2.764401419
2022/3/20,Residential,China,2.802549606
2022/3/21,Residential,China,2.841440753
2022/3/22,Residential,China,2.815612926
2022/3/23,Residential,China,2.571156116
2022/3/24,Residential,China,2.18724879
2022/3/25,Residential,China,2.26938568
2022/3/26,Residential,China,2.262551322
2022/3/27,Residential,China,2.468331133
2022/3/28,Residential,China,2.173280862
2022/3/29,Residential,China,2.028073214
2022/3/30,Residential,China,2.167217295
2022/3/31,Residential,China,2.167217295
2022/4/1,Residential,China,2.614107955
2022/4/2,Residential,China,2.470027636
2022/4/3,Residential,China,2.049861332
2022/4/4,Residential,China,1.87174712
2022/4/5,Residential,China,1.908119468
2022/4/6,Residential,China,2.00564781
2022/4/7,Residential,China,1.743900471
2022/4/8,Residential,China,1.540440662
2022/4/9,Residential,China,1.511627253
2022/4/10,Residential,China,1.46938288
2022/4/11,Residential,China,1.636984114
2022/4/12,Residential,China,1.886839161
2022/4/13,Residential,China,1.976962018
2022/4/14,Residential,China,2.05441403
2022/4/15,Residential,China,2.227962559
2022/4/16,Residential,China,2.232588088
2022/4/17,Residential,China,2.074494089
2022/4/18,Residential,China,1.939395552
2022/4/19,Residential,China,1.637430041
2022/4/20,Residential,China,1.503923617
2022/4/21,Residential,China,1.55447789
2022/4/22,Residential,China,1.634619392
2022/4/23,Residential,China,1.469042917
2022/4/24,Residential,China,1.504658126
2022/4/25,Residential,China,1.47428171
2022/4/26,Residential,China,1.58847765
2022/4/27,Residential,China,1.785110629
2022/4/28,Residential,China,2.030711277
2022/4/29,Residential,China,1.929120441
2022/4/30,Residential,China,2.071527024
2022/5/1,Residential,China,1.866258764
2022/5/2,Residential,China,1.592797769
2022/5/3,Residential,China,1.441769757
2022/5/4,Residential,China,1.377227559
2022/5/5,Residential,China,1.386904952
2022/5/6,Residential,China,1.558625861
2022/5/7,Residential,China,1.622240606
2022/5/8,Residential,China,1.727173404
2022/5/9,Residential,China,1.701761283
2022/5/10,Residential,China,1.595212893
2022/5/11,Residential,China,1.587937535
2022/5/12,Residential,China,1.686368964
2022/5/13,Residential,China,1.679344049
2022/5/14,Residential,China,1.727414478
2022/5/15,Residential,China,1.650867987
2022/5/16,Residential,China,1.501649892
2022/5/17,Residential,China,1.417625692
2022/5/18,Residential,China,1.412067623
2022/5/19,Residential,China,1.387085579
2022/5/20,Residential,China,1.358336164
2022/5/21,Residential,China,1.381398787
2022/5/22,Residential,China,1.37606405
2022/5/23,Residential,China,1.351882672
2022/5/24,Residential,China,1.362357422
2022/5/25,Residential,China,1.410530157
2022/5/26,Residential,China,1.394977051
2022/5/27,Residential,China,1.365650013
2022/5/28,Residential,China,1.340348792
2022/5/29,Residential,China,1.39602073
2022/5/30,Residential,China,1.393066764
2022/5/31,Residential,China,1.367821446
2022/6/1,Residential,China,1.396985589
2022/6/2,Residential,China,1.385694456
2022/6/3,Residential,China,1.396648561
2022/6/4,Residential,China,1.404167574
2022/6/5,Residential,China,1.422482513
2022/6/6,Residential,China,1.433651184
2022/6/7,Residential,China,1.399509028
2022/6/8,Residential,China,1.394524173
2022/6/9,Residential,China,1.391595405
2022/6/10,Residential,China,1.385852597
2022/6/11,Residential,China,1.388960712
2022/6/12,Residential,China,1.387746363
2022/6/13,Residential,China,1.397115528
2022/6/14,Residential,China,1.391194848
2022/6/15,Residential,China,1.379990462
2022/6/16,Residential,China,1.376463441
2022/6/17,Residential,China,1.372899596
2022/6/18,Residential,China,1.372121363
2022/6/19,Residential,China,1.370922373
2022/6/20,Residential,China,1.372312315
2022/6/21,Residential,China,1.371224884
2022/6/22,Residential,China,1.37131481
2022/6/23,Residential,China,1.368278523
2022/6/24,Residential,China,1.367479465
2022/6/25,Residential,China,1.370878687
2022/6/26,Residential,China,1.374148879
2022/6/27,Residential,China,1.375028151
2022/6/28,Residential,China,1.376629199
2022/6/29,Residential,China,1.373733627
2022/6/30,Residential,China,1.372969013
2022/7/1,Residential,China,1.331580503
2022/7/2,Residential,China,1.328538239
2022/7/3,Residential,China,1.325669012
2022/7/4,Residential,China,1.327111198
2022/7/5,Residential,China,1.326388348
2022/7/6,Residential,China,1.322669309
2022/7/7,Residential,China,1.321167265
2022/7/8,Residential,China,1.322436562
2022/7/9,Residential,China,1.323741868
2022/7/10,Residential,China,1.322867838
2022/7/11,Residential,China,1.32549574
2022/7/12,Residential,China,1.325129463
2022/7/13,Residential,China,1.324004041
2022/7/14,Residential,China,1.323421855
2022/7/15,Residential,China,1.325821769
2022/7/16,Residential,China,1.327313083
2022/7/17,Residential,China,1.32704673
2022/7/18,Residential,China,1.331456113
2022/7/19,Residential,China,1.337846744
2022/7/20,Residential,China,1.328647605
2022/7/21,Residential,China,1.341696942
2022/7/22,Residential,China,1.335336368
2022/7/23,Residential,China,1.326243539
2022/7/24,Residential,China,1.324757038
2022/7/25,Residential,China,1.323964577
2022/7/26,Residential,China,1.324939351
2022/7/27,Residential,China,1.330199139
2022/7/28,Residential,China,1.326259076
2022/7/29,Residential,China,1.325247008
2022/7/30,Residential,China,1.324909947
2022/7/31,Residential,China,1.326283814
2022/8/1,Residential,China,1.326206414
2022/8/2,Residential,China,1.324700469
2022/8/3,Residential,China,1.323557103
2022/8/4,Residential,China,1.324554005
2022/8/5,Residential,China,1.322663889
2022/8/6,Residential,China,1.322423404
2022/8/7,Residential,China,1.322141426
2022/8/8,Residential,China,1.322319488
2022/8/9,Residential,China,1.326331727
2022/8/10,Residential,China,1.323686079
2022/8/11,Residential,China,1.32295877
2022/8/12,Residential,China,1.322444373
2022/8/13,Residential,China,1.323382414
2022/8/14,Residential,China,1.327166483
2022/8/15,Residential,China,1.327131158
2022/8/16,Residential,China,1.32268891
2022/8/17,Residential,China,1.324020874
2022/8/18,Residential,China,1.327948728
2022/8/19,Residential,China,1.331585802
2022/8/20,Residential,China,1.33031128
2022/8/21,Residential,China,1.329597238
2022/8/22,Residential,China,1.355092351
2022/8/23,Residential,China,1.350568378
2022/8/24,Residential,China,1.34868379
2022/8/25,Residential,China,1.353832703
2022/8/26,Residential,China,1.380045574
2022/8/27,Residential,China,1.398454231
2022/8/28,Residential,China,1.423382533
2022/8/29,Residential,China,1.389786013
2022/8/30,Residential,China,1.366038218
2022/8/31,Residential,China,1.368061048
2022/9/1,Residential,China,1.420539697
2022/9/2,Residential,China,1.401932022
2022/9/3,Residential,China,1.423646164
2022/9/4,Residential,China,1.419698677
2022/9/5,Residential,China,1.440970492
2022/9/6,Residential,China,1.440099552
2022/9/7,Residential,China,1.398094404
2022/9/8,Residential,China,1.396113885
2022/9/9,Residential,China,1.396696323
2022/9/10,Residential,China,1.400816493
2022/9/11,Residential,China,1.392837137
2022/9/12,Residential,China,1.396990139
2022/9/13,Residential,China,1.408580196
2022/9/14,Residential,China,1.399104451
2022/9/15,Residential,China,1.405172665
2022/9/16,Residential,China,1.40513946
2022/9/17,Residential,China,1.399479763
2022/9/18,Residential,China,1.42804066
2022/9/19,Residential,China,1.546648894
2022/9/20,Residential,China,1.551350514
2022/9/21,Residential,China,1.448070174
2022/9/22,Residential,China,1.510550662
2022/9/23,Residential,China,1.621604157
2022/9/24,Residential,China,1.539705893
2022/9/25,Residential,China,1.460745386
2022/9/26,Residential,China,1.456603869
2022/9/27,Residential,China,1.439180471
2022/9/28,Residential,China,1.448295304
2022/9/29,Residential,China,1.425274988
2022/9/30,Residential,China,1.446323547
2022/10/1,Residential,China,1.406031055
2022/10/2,Residential,China,1.405216722
2022/10/3,Residential,China,1.729414801
2022/10/4,Residential,China,2.105695425
2022/10/5,Residential,China,2.191388966
2022/10/6,Residential,China,2.236256909
2022/10/7,Residential,China,2.033221358
2022/10/8,Residential,China,1.907685497
2022/10/9,Residential,China,2.23809256
2022/10/10,Residential,China,2.274811829
2022/10/11,Residential,China,2.031770371
2022/10/12,Residential,China,1.816507248
2022/10/13,Residential,China,1.725781397
2022/10/14,Residential,China,1.659731421
2022/10/15,Residential,China,1.589742454
2022/10/16,Residential,China,1.800707977
2022/10/17,Residential,China,2.104372221
2022/10/18,Residential,China,2.126296182
2022/10/19,Residential,China,1.833685335
2022/10/20,Residential,China,1.688279647
2022/10/21,Residential,China,1.664546436
2022/10/22,Residential,China,1.751413933
2022/10/23,Residential,China,1.851499654
2022/10/24,Residential,China,1.806868971
2022/10/25,Residential,China,1.682076756
2022/10/26,Residential,China,1.890971619
2022/10/27,Residential,China,2.047806838
2022/10/28,Residential,China,2.082459696
2022/10/29,Residential,China,2.045681627
2022/10/30,Residential,China,1.938498278
2022/10/31,Residential,China,1.99802231
2022/11/1,Residential,China,2.081818566
2022/11/2,Residential,China,2.097427759
2022/11/3,Residential,China,2.310803006
2022/11/4,Residential,China,2.452939564
2022/11/5,Residential,China,2.339969866
2022/11/6,Residential,China,2.173504818
2022/11/7,Residential,China,2.153478412
2022/11/8,Residential,China,2.040337924
2022/11/9,Residential,China,1.940431882
2022/11/10,Residential,China,1.88142307
2022/11/11,Residential,China,1.909965123
2022/11/12,Residential,China,2.407814271
2022/11/13,Residential,China,2.829965887
2022/11/14,Residential,China,2.786170312
2022/11/15,Residential,China,2.365348765
2022/11/16,Residential,China,2.522125966
2022/11/17,Residential,China,2.334536158
2022/11/18,Residential,China,2.322824439
2022/11/19,Residential,China,2.330506308
2022/11/20,Residential,China,2.290594
2022/11/21,Residential,China,2.3805399
2022/11/22,Residential,China,2.519616212
2022/11/23,Residential,China,2.487142012
2022/11/24,Residential,China,2.329039069
2022/11/25,Residential,China,2.397345267
2022/11/26,Residential,China,2.577279752
2022/11/27,Residential,China,2.459461394
2022/11/28,Residential,China,2.716787102
2022/11/29,Residential,China,3.731762279
2022/11/30,Residential,China,4.271478963
2022/12/1,Residential,China,4.222886565
2022/12/2,Residential,China,3.824608007
2022/12/3,Residential,China,3.662262809
2022/12/4,Residential,China,3.755709252
2022/12/5,Residential,China,3.747466533
2022/12/6,Residential,China,3.561760013
2022/12/7,Residential,China,3.337650021
2022/12/8,Residential,China,3.231464429
2022/12/9,Residential,China,3.21659985
2022/12/10,Residential,China,3.459166422
2022/12/11,Residential,China,3.581113724
2022/12/12,Residential,China,3.612206938
2022/12/13,Residential,China,3.824231316
2022/12/14,Residential,China,3.838537229
2022/12/15,Residential,China,3.72756771
2022/12/16,Residential,China,4.041330827
2022/12/17,Residential,China,4.438320389
2022/12/18,Residential,China,4.273958064
2022/12/19,Residential,China,3.911137562
2022/12/20,Residential,China,3.625870207
2022/12/21,Residential,China,3.724653104
2022/12/22,Residential,China,4.038897626
2022/12/23,Residential,China,3.959585431
2022/12/24,Residential,China,3.906681212
2022/12/25,Residential,China,3.913414388
2022/12/26,Residential,China,3.940581306
2022/12/27,Residential,China,3.999577446
2022/12/28,Residential,China,4.087010504
2022/12/29,Residential,China,4.122880464
2022/12/30,Residential,China,3.989470037
2022/12/31,Residential,China,3.788313863
2023/1/1,Residential,China,3.681421187
2023/1/2,Residential,China,3.815399778
2023/1/3,Residential,China,3.785331501
2023/1/4,Residential,China,3.609552512
2023/1/5,Residential,China,3.399059203
2023/1/6,Residential,China,3.302322762
2023/1/7,Residential,China,3.222464112
2023/1/8,Residential,China,3.065324594
2023/1/9,Residential,China,3.228074944
2023/1/10,Residential,China,3.29018684
2023/1/11,Residential,China,2.992318918
2023/1/12,Residential,China,2.727159466
2023/1/13,Residential,China,3.123032519
2023/1/14,Residential,China,4.105045318
2023/1/15,Residential,China,4.587246222
2023/1/16,Residential,China,4.418469478
2023/1/17,Residential,China,4.249349713
2023/1/18,Residential,China,3.956432779
2023/1/19,Residential,China,3.743592814
2023/1/20,Residential,China,3.980756089
2023/1/21,Residential,China,3.732019745
2023/1/22,Residential,China,3.759532944
2023/1/23,Residential,China,4.240442802
2023/1/24,Residential,China,4.786224912
2023/1/25,Residential,China,4.413163942
2023/1/26,Residential,China,4.14199335
2023/1/27,Residential,China,4.299021904
2023/1/28,Residential,China,4.093484358
2023/1/29,Residential,China,3.787829526
2023/1/30,Residential,China,3.451255966
2023/1/31,Residential,China,3.010470638
2023/2/1,Residential,China,3.459151089
2023/2/2,Residential,China,3.806926356
2023/2/3,Residential,China,3.764884448
2023/2/4,Residential,China,3.58134502
2023/2/5,Residential,China,3.420507902
2023/2/6,Residential,China,3.338818795
2023/2/7,Residential,China,3.350021678
2023/2/8,Residential,China,3.439292304
2023/2/9,Residential,China,3.461694305
2023/2/10,Residential,China,3.374259073
2023/2/11,Residential,China,3.19809982
2023/2/12,Residential,China,3.386004561
2023/2/13,Residential,China,3.742507159
2023/2/14,Residential,China,3.909562047
2023/2/15,Residential,China,3.835826197
2023/2/16,Residential,China,3.443256342
2023/2/17,Residential,China,3.080282499
2023/2/18,Residential,China,3.070940428
2023/2/19,Residential,China,3.287227235
2023/2/20,Residential,China,3.308118981
2023/2/21,Residential,China,3.500190397
2023/2/22,Residential,China,3.469665685
2023/2/23,Residential,China,3.340633007
2023/2/24,Residential,China,3.424923345
2023/2/25,Residential,China,3.454506649
2023/2/26,Residential,China,3.233311572
2023/2/27,Residential,China,2.930190858
2023/2/28,Residential,China,2.795676121
2023/3/1,Residential,China,2.814713993
2023/3/2,Residential,China,2.748673371
2023/3/3,Residential,China,2.623714982
2023/3/4,Residential,China,2.412127497
2023/3/5,Residential,China,2.169468479
2023/3/6,Residential,China,2.012187196
2023/3/7,Residential,China,1.872520691
2023/3/8,Residential,China,1.950023222
2023/3/9,Residential,China,1.76402636
2023/3/10,Residential,China,1.693150337
2023/3/11,Residential,China,2.212045353
2023/3/12,Residential,China,2.841940088
2023/3/13,Residential,China,2.4832373
2023/3/14,Residential,China,2.058393609
2023/3/15,Residential,China,2.384741334
2023/3/16,Residential,China,2.740892399
2023/3/17,Residential,China,2.843901266
2023/3/18,Residential,China,2.67947754
2023/3/19,Residential,China,2.453492668
2023/3/20,Residential,China,2.237967791
2023/3/21,Residential,China,2.046086256
2023/3/22,Residential,China,2.171482972
2023/3/23,Residential,China,2.476648442
2023/3/24,Residential,China,2.70873682
2023/3/25,Residential,China,2.740476177
2023/3/26,Residential,China,2.557553232
2023/3/27,Residential,China,2.321607316
2023/3/28,Residential,China,2.078122563
2023/3/29,Residential,China,1.97808883
2023/3/30,Residential,China,1.883630478
2023/3/31,Residential,China,1.753890991
2023/4/1,Residential,China,1.665887317
2023/4/2,Residential,China,1.703242838
2023/4/3,Residential,China,2.056128048
2023/4/4,Residential,China,2.332171334
2023/4/5,Residential,China,2.412198224
2023/4/6,Residential,China,2.474588751
2023/4/7,Residential,China,2.338173489
2023/4/8,Residential,China,2.001050547
2023/4/9,Residential,China,1.625470227
2023/4/10,Residential,China,1.537954478
2023/4/11,Residential,China,1.788174989
2023/4/12,Residential,China,1.65045407
2023/4/13,Residential,China,1.63006886
2023/4/14,Residential,China,1.704200631
2023/4/15,Residential,China,1.688273821
2023/4/16,Residential,China,1.588995078
2023/4/17,Residential,China,1.509188855
2023/4/18,Residential,China,1.524578194
2023/4/19,Residential,China,1.47764392
2023/4/20,Residential,China,1.726872751
2023/4/21,Residential,China,2.148933371
2023/4/22,Residential,China,2.355975619
2023/4/23,Residential,China,2.46089323
2023/4/24,Residential,China,2.328245003
2023/4/25,Residential,China,2.132796322
2023/4/26,Residential,China,1.681884447
2023/4/27,Residential,China,1.583926312
2023/4/28,Residential,China,1.767585005
2023/4/29,Residential,China,1.821512848
2023/4/30,Residential,China,1.593103477
2023/5/1,Residential,China,1.435314889
2023/5/2,Residential,China,1.365674232
2023/5/3,Residential,China,1.392638871
2023/5/4,Residential,China,1.527462181
2023/5/5,Residential,China,1.625947725
2023/5/6,Residential,China,1.677337938
2023/5/7,Residential,China,1.635670619
2023/5/8,Residential,China,1.617373022
2023/5/9,Residential,China,1.603823459
2023/5/10,Residential,China,1.597018843
2023/5/11,Residential,China,1.475712696
2023/5/12,Residential,China,1.410903332
2023/5/13,Residential,China,1.412804624
2023/5/14,Residential,China,1.347261964
2023/5/15,Residential,China,1.371619448
2023/5/16,Residential,China,1.373491612
2023/5/17,Residential,China,1.417980107
2023/5/18,Residential,China,1.345891036
2023/5/19,Residential,China,1.336143628
2023/5/20,Residential,China,1.437140579
2023/5/21,Residential,China,1.607029278
2023/5/22,Residential,China,1.504932895
2023/5/23,Residential,China,1.403466626
2023/5/24,Residential,China,1.365321436
2023/5/25,Residential,China,1.357543706
2023/5/26,Residential,China,1.351964665
2023/5/27,Residential,China,1.373381848
2023/5/28,Residential,China,1.343809561
2023/5/29,Residential,China,1.342647958
2023/5/30,Residential,China,1.329593447
2023/5/31,Residential,China,1.351705109
2023/6/1,Residential,China,1.447211403
2023/6/2,Residential,China,1.47412633
2023/6/3,Residential,China,1.506633152
2023/6/4,Residential,China,1.493585941
2023/6/5,Residential,China,1.40664446
2023/6/6,Residential,China,1.389975972
2023/6/7,Residential,China,1.376837032
2023/6/8,Residential,China,1.39796703
2023/6/9,Residential,China,1.408454182
2023/6/10,Residential,China,1.39438603
2023/6/11,Residential,China,1.409410644
2023/6/12,Residential,China,1.412437203
2023/6/13,Residential,China,1.373488969
2023/6/14,Residential,China,1.384495272
2023/6/15,Residential,China,1.377239995
2023/6/16,Residential,China,1.373189799
2023/6/17,Residential,China,1.371463587
2023/6/18,Residential,China,1.361240389
2023/6/19,Residential,China,1.355551682
2023/6/20,Residential,China,1.361381994
2023/6/21,Residential,China,1.370557668
2023/6/22,Residential,China,1.367820149
2023/6/23,Residential,China,1.36684978
2023/6/24,Residential,China,1.356879963
2023/6/25,Residential,China,1.347578085
2023/6/26,Residential,China,1.345895678
2023/6/27,Residential,China,1.344358912
2023/6/28,Residential,China,1.35311524
2023/6/29,Residential,China,1.346382367
2023/6/30,Residential,China,1.341507352
2023/7/1,Residential,China,1.322202451
2023/7/2,Residential,China,1.341930565
2023/7/3,Residential,China,1.390978556
2023/7/4,Residential,China,1.340485906
2023/7/5,Residential,China,1.330527279
2023/7/6,Residential,China,1.318661846
2023/7/7,Residential,China,1.318872856
2023/7/8,Residential,China,1.31711405
2023/7/9,Residential,China,1.308161159
2023/7/10,Residential,China,1.306388955
2023/7/11,Residential,China,1.314763845
2023/7/12,Residential,China,1.35987437
2023/7/13,Residential,China,1.373245188
2023/7/14,Residential,China,1.352990435
2023/7/15,Residential,China,1.333901076
2023/7/16,Residential,China,1.325703715
2023/7/17,Residential,China,1.324254358
2023/7/18,Residential,China,1.323049799
2023/7/19,Residential,China,1.333751836
2023/7/20,Residential,China,1.333858082
2023/7/21,Residential,China,1.325235587
2023/7/22,Residential,China,1.315781971
2023/7/23,Residential,China,1.321613058
2023/7/24,Residential,China,1.320972105
2023/7/25,Residential,China,1.319292736
2023/7/26,Residential,China,1.3253772
2023/7/27,Residential,China,1.338723572
2023/7/28,Residential,China,1.323258776
2023/7/29,Residential,China,1.320550434
2023/7/30,Residential,China,1.310373209
2023/7/31,Residential,China,1.308870544
2023/8/1,Residential,China,1.315668194
2023/8/2,Residential,China,1.315169228
2023/8/3,Residential,China,1.31800935
2023/8/4,Residential,China,1.321945259
2023/8/5,Residential,China,1.321820292
2023/8/6,Residential,China,1.324561933
2023/8/7,Residential,China,1.317852344
2023/8/8,Residential,China,1.315004224
2023/8/9,Residential,China,1.313354645
2023/8/10,Residential,China,1.313943674
2023/8/11,Residential,China,1.323073442
2023/8/12,Residential,China,1.318704789
2023/8/13,Residential,China,1.316124698
2023/8/14,Residential,China,1.321175422
2023/8/15,Residential,China,1.321520633
2023/8/16,Residential,China,1.321608544
2023/8/17,Residential,China,1.325623445
2023/8/18,Residential,China,1.320754726
2023/8/19,Residential,China,1.32470586
2023/8/20,Residential,China,1.320728703
2023/8/21,Residential,China,1.324842578
2023/8/22,Residential,China,1.329941862
2023/8/23,Residential,China,1.341712488
2023/8/24,Residential,China,1.34269599
2023/8/25,Residential,China,1.358980171
2023/8/26,Residential,China,1.382737965
2023/8/27,Residential,China,1.372076708
2023/8/28,Residential,China,1.349022371
2023/8/29,Residential,China,1.357187551
2023/8/30,Residential,China,1.350750612
2023/8/31,Residential,China,1.342940989
2023/9/1,Residential,China,1.372110088
2023/9/2,Residential,China,1.368496136
2023/9/3,Residential,China,1.367780912
2023/9/4,Residential,China,1.372449192
2023/9/5,Residential,China,1.377476191
2023/9/6,Residential,China,1.3647974
2023/9/7,Residential,China,1.374547967
2023/9/8,Residential,China,1.381404481
2023/9/9,Residential,China,1.377433096
2023/9/10,Residential,China,1.367186377
2023/9/11,Residential,China,1.397231027
2023/9/12,Residential,China,1.430888825
2023/9/13,Residential,China,1.404497722
2023/9/14,Residential,China,1.381905432
2023/9/15,Residential,China,1.388999293
2023/9/16,Residential,China,1.390157226
2023/9/17,Residential,China,1.392322049
2023/9/18,Residential,China,1.40001827
2023/9/19,Residential,China,1.487391104
2023/9/20,Residential,China,1.506077521
2023/9/21,Residential,China,1.449217943
2023/9/22,Residential,China,1.507511629
2023/9/23,Residential,China,1.535336645
2023/9/24,Residential,China,1.542423858
2023/9/25,Residential,China,1.489762112
2023/9/26,Residential,China,1.437656114
2023/9/27,Residential,China,1.495685248
2023/9/28,Residential,China,1.51544794
2023/9/29,Residential,China,1.506143108
2023/9/30,Residential,China,1.558574305
2023/10/1,Residential,China,1.497820444
2023/10/2,Residential,China,1.489939311
2023/10/3,Residential,China,1.421915253
2023/10/4,Residential,China,1.541493786
2023/10/5,Residential,China,1.638068994
2023/10/6,Residential,China,1.681637481
2023/10/7,Residential,China,1.671693833
2023/10/8,Residential,China,1.597544357
2023/10/9,Residential,China,1.602223287
2023/10/10,Residential,China,1.629339043
2023/10/11,Residential,China,1.579440841
2023/10/12,Residential,China,1.58812769
2023/10/13,Residential,China,1.616140586
2023/10/14,Residential,China,1.59850908
2023/10/15,Residential,China,1.649387889
2023/10/16,Residential,China,1.672672983
2023/10/17,Residential,China,1.55815813
2023/10/18,Residential,China,1.663395616
2023/10/19,Residential,China,1.897721482
2023/10/20,Residential,China,2.098670292
2023/10/21,Residential,China,1.932112936
2023/10/22,Residential,China,1.753039199
2023/10/23,Residential,China,1.598506313
2023/10/24,Residential,China,1.58182784
2023/10/25,Residential,China,1.55883503
2023/10/26,Residential,China,1.763983145
2023/10/27,Residential,China,1.780988587
2023/10/28,Residential,China,1.710498972
2023/10/29,Residential,China,1.629921024
2023/10/30,Residential,China,1.625228113
2023/10/31,Residential,China,1.646652148
2023/11/1,Residential,China,1.691060648
2023/11/2,Residential,China,1.696965027
2023/11/3,Residential,China,1.999518421
2023/11/4,Residential,China,1.966603784
2023/11/5,Residential,China,2.238092499
2023/11/6,Residential,China,2.620057732
2023/11/7,Residential,China,2.36832643
2023/11/8,Residential,China,2.211108169
2023/11/9,Residential,China,2.506193259
2023/11/10,Residential,China,2.883986721
2023/11/11,Residential,China,3.150576786
2023/11/12,Residential,China,3.28027223
2023/11/13,Residential,China,3.271278368
2023/11/14,Residential,China,3.029265646
2023/11/15,Residential,China,2.783031924
2023/11/16,Residential,China,2.978039586
2023/11/17,Residential,China,3.052873935
2023/11/18,Residential,China,2.85485656
2023/11/19,Residential,China,2.668428835
2023/11/20,Residential,China,2.476567885
2023/11/21,Residential,China,2.296772526
2023/11/22,Residential,China,2.392857288
2023/11/23,Residential,China,3.031769632
2023/11/24,Residential,China,3.248043476
2023/11/25,Residential,China,3.158051251
2023/11/26,Residential,China,3.0551789
2023/11/27,Residential,China,2.926378112
2023/11/28,Residential,China,3.023981921
2023/11/29,Residential,China,3.235452187
2023/11/30,Residential,China,3.598879647
2023/12/1,Residential,China,3.525163134
2023/12/2,Residential,China,3.341185058
2023/12/3,Residential,China,3.100215362
2023/12/4,Residential,China,2.97392678
2023/12/5,Residential,China,2.668081882
2023/12/6,Residential,China,2.841636644
2023/12/7,Residential,China,2.56702245
2023/12/8,Residential,China,2.399235422
2023/12/9,Residential,China,2.602214216
2023/12/10,Residential,China,3.099899819
2023/12/11,Residential,China,3.548331303
2023/12/12,Residential,China,3.545022391
2023/12/13,Residential,China,3.313908589
2023/12/14,Residential,China,3.383582557
2023/12/15,Residential,China,4.126753723
2023/12/16,Residential,China,4.683829925
2023/12/17,Residential,China,4.621699108
2023/12/18,Residential,China,4.432387603
2023/12/19,Residential,China,4.468791881
2023/12/20,Residential,China,4.712876024
2023/12/21,Residential,China,4.876054698
2023/12/22,Residential,China,4.648578083
2023/12/23,Residential,China,4.432597347
2023/12/24,Residential,China,4.266287327
2023/12/25,Residential,China,3.890488455
2023/12/26,Residential,China,3.698788505
2023/12/27,Residential,China,3.662300422
2023/12/28,Residential,China,3.512449533
2023/12/29,Residential,China,3.382235193
2023/12/30,Residential,China,3.318588477
2023/12/31,Residential,China,3.581967929
2024/1/1,Residential,China,3.603752789
2024/1/2,Residential,China,3.55733727
2024/1/3,Residential,China,3.645601884
2024/1/4,Residential,China,3.430258382
2024/1/5,Residential,China,3.443800517
2024/1/6,Residential,China,3.52970089
2024/1/7,Residential,China,3.705629054
2024/1/8,Residential,China,3.514339025
2024/1/9,Residential,China,3.491918638
2024/1/10,Residential,China,3.538146172
2024/1/11,Residential,China,3.378284204
2024/1/12,Residential,China,3.293028929
2024/1/13,Residential,China,3.11924282
2024/1/14,Residential,China,3.339879207
2024/1/15,Residential,China,3.566709069
2024/1/16,Residential,China,3.397517549
2024/1/17,Residential,China,3.310036396
2024/1/18,Residential,China,3.488911759
2024/1/19,Residential,China,3.654995365
2024/1/20,Residential,China,3.903803032
2024/1/21,Residential,China,4.337904403
2024/1/22,Residential,China,4.857551411
2024/1/23,Residential,China,4.744743354
2024/1/24,Residential,China,4.460878002
2024/1/25,Residential,China,4.190530195
2024/1/26,Residential,China,4.084919025
2024/1/27,Residential,China,4.063910208
2024/1/28,Residential,China,3.839580267
2024/1/29,Residential,China,3.626686841
2024/1/30,Residential,China,3.42669358
2024/1/31,Residential,China,3.532494749
2024/2/1,Residential,China,3.99567892
2024/2/2,Residential,China,4.056977514
2024/2/3,Residential,China,4.070723878
2024/2/4,Residential,China,4.132735604
2024/2/5,Residential,China,4.178098046
2024/2/6,Residential,China,4.133203932
2024/2/7,Residential,China,4.177382451
2024/2/8,Residential,China,4.076198011
2024/2/9,Residential,China,3.800368335
2024/2/10,Residential,China,3.576050963
2024/2/11,Residential,China,3.216063189
2024/2/12,Residential,China,2.784036627
2024/2/13,Residential,China,2.544924918
2024/2/14,Residential,China,2.734153058
2024/2/15,Residential,China,3.34095644
2024/2/16,Residential,China,3.053268048
2024/2/17,Residential,China,2.522590408
2024/2/18,Residential,China,2.550017848
2024/2/19,Residential,China,3.226336175
2024/2/20,Residential,China,3.728451613
2024/2/21,Residential,China,4.079376641
2024/2/22,Residential,China,4.223650866
2024/2/23,Residential,China,4.212563513
2024/2/24,Residential,China,4.148917454
2024/2/25,Residential,China,3.901557255
2024/2/26,Residential,China,3.826190223
2024/2/27,Residential,China,3.612497474
2024/2/28,Residential,China,3.566483941
2024/2/29,Residential,China,3.81123597
2024/3/1,Residential,China,3.782686841
2024/3/2,Residential,China,3.406782821
2024/3/3,Residential,China,3.033638983
2024/3/4,Residential,China,2.896877855
2024/3/5,Residential,China,3.000583413
2024/3/6,Residential,China,3.140856771
2024/3/7,Residential,China,3.024530339
2024/3/8,Residential,China,3.016087268
2024/3/9,Residential,China,2.901120625
2024/3/10,Residential,China,2.634993203
2024/3/11,Residential,China,2.457354783
2024/3/12,Residential,China,2.434689072
2024/3/13,Residential,China,2.795520844
2024/3/14,Residential,China,2.71638784
2024/3/15,Residential,China,2.152110957
2024/3/16,Residential,China,2.042424401
2024/3/17,Residential,China,2.505158757
2024/3/18,Residential,China,2.616668369
2024/3/19,Residential,China,2.516238332
2024/3/20,Residential,China,2.387060133
2024/3/21,Residential,China,1.979020384
2024/3/22,Residential,China,1.843712215
2024/3/23,Residential,China,1.95214905
2024/3/24,Residential,China,2.226170294
2024/3/25,Residential,China,2.357589661
2024/3/26,Residential,China,2.078209481
2024/3/27,Residential,China,2.049410234
2024/3/28,Residential,China,1.921984143
2024/3/29,Residential,China,1.779849072
2024/3/30,Residential,China,1.799919513
2024/3/31,Residential,China,1.813762645
2024/4/1,Residential,China,1.771464466
2024/4/2,Residential,China,1.846209082
2024/4/3,Residential,China,1.999931691
2024/4/4,Residential,China,2.086315767
2024/4/5,Residential,China,1.928837119
2024/4/6,Residential,China,1.832032172
2024/4/7,Residential,China,1.822275256
2024/4/8,Residential,China,1.872742886
2024/4/9,Residential,China,1.816720065
2024/4/10,Residential,China,1.708622617
2024/4/11,Residential,China,1.567587766
2024/4/12,Residential,China,1.525527629
2024/4/13,Residential,China,1.533271261
2024/4/14,Residential,China,1.560111945
2024/4/15,Residential,China,1.578065045
2024/4/16,Residential,China,1.577719012
2024/4/17,Residential,China,1.573203456
2024/4/18,Residential,China,1.545347192
2024/4/19,Residential,China,1.654199902
2024/4/20,Residential,China,1.659864087
2024/4/21,Residential,China,1.559570546
2024/4/22,Residential,China,1.572991516
2024/4/23,Residential,China,1.673135584
2024/4/24,Residential,China,1.537377635
2024/4/25,Residential,China,1.499354394
2024/4/26,Residential,China,1.523852618
2024/4/27,Residential,China,1.550542224
2024/4/28,Residential,China,1.686526275
2024/4/29,Residential,China,1.792835309
2024/4/30,Residential,China,1.825475702
